model,attribute,threshold,group,n,selected,selection_rate,share_of_topk
M1-Fair (CV7),gender,0.02,Male,2437,49,0.020106688551497744,0.5104166666666666
M1-Fair (CV7),gender,0.02,Female,2363,47,0.019889970376639865,0.4895833333333333
M1-Fair (CV7),gender,0.05,Male,2437,121,0.049651210504718914,0.5041666666666667
M1-Fair (CV7),gender,0.05,Female,2363,119,0.050359712230215826,0.49583333333333335
M1-Fair (CV7),gender,0.1,Male,2437,235,0.09643003693065244,0.4895833333333333
M1-Fair (CV7),gender,0.1,Female,2363,245,0.10368176047397376,0.5104166666666666
M1-Fair (CV7),gender,0.2,Male,2437,467,0.191629052113254,0.4864583333333333
M1-Fair (CV7),gender,0.2,Female,2363,493,0.20863309352517986,0.5135416666666667
M1-Fair (CV7),gender,0.3,Male,2437,714,0.29298317603610996,0.49583333333333335
M1-Fair (CV7),gender,0.3,Female,2363,726,0.3072365636902243,0.5041666666666667
M1-Fair (CV7),gender,0.5,Male,2437,1211,0.4969224456298728,0.5045833333333334
M1-Fair (CV7),gender,0.5,Female,2363,1189,0.5031739314430809,0.49541666666666667
M1-Fair (CV7),ethnicity,0.02,G1,1595,31,0.019435736677115987,0.3229166666666667
M1-Fair (CV7),ethnicity,0.02,G2,1588,39,0.02455919395465995,0.40625
M1-Fair (CV7),ethnicity,0.02,G3,1617,26,0.016079158936301793,0.2708333333333333
M1-Fair (CV7),ethnicity,0.05,G1,1595,86,0.053918495297805645,0.35833333333333334
M1-Fair (CV7),ethnicity,0.05,G2,1588,83,0.052267002518891686,0.3458333333333333
M1-Fair (CV7),ethnicity,0.05,G3,1617,71,0.04390847247990105,0.29583333333333334
M1-Fair (CV7),ethnicity,0.1,G1,1595,159,0.09968652037617555,0.33125
M1-Fair (CV7),ethnicity,0.1,G2,1588,160,0.10075566750629723,0.3333333333333333
M1-Fair (CV7),ethnicity,0.1,G3,1617,161,0.09956709956709957,0.33541666666666664
M1-Fair (CV7),ethnicity,0.2,G1,1595,331,0.20752351097178684,0.34479166666666666
M1-Fair (CV7),ethnicity,0.2,G2,1588,301,0.18954659949622166,0.31354166666666666
M1-Fair (CV7),ethnicity,0.2,G3,1617,328,0.2028447742733457,0.3416666666666667
M1-Fair (CV7),ethnicity,0.3,G1,1595,486,0.3047021943573668,0.3375
M1-Fair (CV7),ethnicity,0.3,G2,1588,469,0.29534005037783373,0.32569444444444445
M1-Fair (CV7),ethnicity,0.3,G3,1617,485,0.29993815708101423,0.3368055555555556
M1-Fair (CV7),ethnicity,0.5,G1,1595,814,0.5103448275862069,0.33916666666666667
M1-Fair (CV7),ethnicity,0.5,G2,1588,786,0.49496221662468515,0.3275
M1-Fair (CV7),ethnicity,0.5,G3,1617,800,0.49474335188620905,0.3333333333333333
M2-Multimodal (CV7+Face),gender,0.02,Male,2437,49,0.020106688551497744,0.5104166666666666
M2-Multimodal (CV7+Face),gender,0.02,Female,2363,47,0.019889970376639865,0.4895833333333333
M2-Multimodal (CV7+Face),gender,0.05,Male,2437,119,0.04883052933935166,0.49583333333333335
M2-Multimodal (CV7+Face),gender,0.05,Female,2363,121,0.051206093948370716,0.5041666666666667
M2-Multimodal (CV7+Face),gender,0.1,Male,2437,235,0.09643003693065244,0.4895833333333333
M2-Multimodal (CV7+Face),gender,0.1,Female,2363,245,0.10368176047397376,0.5104166666666666
M2-Multimodal (CV7+Face),gender,0.2,Male,2437,463,0.18998768978251948,0.4822916666666667
M2-Multimodal (CV7+Face),gender,0.2,Female,2363,497,0.21032585696148964,0.5177083333333333
M2-Multimodal (CV7+Face),gender,0.3,Male,2437,710,0.2913418137053755,0.4930555555555556
M2-Multimodal (CV7+Face),gender,0.3,Female,2363,730,0.3089293271265341,0.5069444444444444
M2-Multimodal (CV7+Face),gender,0.5,Male,2437,1201,0.49281903980303654,0.5004166666666666
M2-Multimodal (CV7+Face),gender,0.5,Female,2363,1199,0.5074058400338552,0.4995833333333333
M2-Multimodal (CV7+Face),ethnicity,0.02,G1,1595,33,0.020689655172413793,0.34375
M2-Multimodal (CV7+Face),ethnicity,0.02,G2,1588,41,0.025818639798488665,0.4270833333333333
M2-Multimodal (CV7+Face),ethnicity,0.02,G3,1617,22,0.013605442176870748,0.22916666666666666
M2-Multimodal (CV7+Face),ethnicity,0.05,G1,1595,83,0.05203761755485893,0.3458333333333333
M2-Multimodal (CV7+Face),ethnicity,0.05,G2,1588,86,0.05415617128463476,0.35833333333333334
M2-Multimodal (CV7+Face),ethnicity,0.05,G3,1617,71,0.04390847247990105,0.29583333333333334
M2-Multimodal (CV7+Face),ethnicity,0.1,G1,1595,156,0.09780564263322884,0.325
M2-Multimodal (CV7+Face),ethnicity,0.1,G2,1588,161,0.10138539042821158,0.33541666666666664
M2-Multimodal (CV7+Face),ethnicity,0.1,G3,1617,163,0.10080395794681508,0.33958333333333335
M2-Multimodal (CV7+Face),ethnicity,0.2,G1,1595,331,0.20752351097178684,0.34479166666666666
M2-Multimodal (CV7+Face),ethnicity,0.2,G2,1588,303,0.19080604534005038,0.315625
M2-Multimodal (CV7+Face),ethnicity,0.2,G3,1617,326,0.20160791589363017,0.33958333333333335
M2-Multimodal (CV7+Face),ethnicity,0.3,G1,1595,495,0.3103448275862069,0.34375
M2-Multimodal (CV7+Face),ethnicity,0.3,G2,1588,462,0.29093198992443325,0.32083333333333336
M2-Multimodal (CV7+Face),ethnicity,0.3,G3,1617,483,0.2987012987012987,0.33541666666666664
M2-Multimodal (CV7+Face),ethnicity,0.5,G1,1595,819,0.5134796238244514,0.34125
M2-Multimodal (CV7+Face),ethnicity,0.5,G2,1588,784,0.49370277078085645,0.32666666666666666
M2-Multimodal (CV7+Face),ethnicity,0.5,G3,1617,797,0.49288806431663573,0.33208333333333334
M3-Gender-Biased (CV7),gender,0.02,Male,2437,49,0.020106688551497744,0.5104166666666666
M3-Gender-Biased (CV7),gender,0.02,Female,2363,47,0.019889970376639865,0.4895833333333333
M3-Gender-Biased (CV7),gender,0.05,Male,2437,118,0.04842018875666804,0.49166666666666664
M3-Gender-Biased (CV7),gender,0.05,Female,2363,122,0.05162928480744816,0.5083333333333333
M3-Gender-Biased (CV7),gender,0.1,Male,2437,235,0.09643003693065244,0.4895833333333333
M3-Gender-Biased (CV7),gender,0.1,Female,2363,245,0.10368176047397376,0.5104166666666666
M3-Gender-Biased (CV7),gender,0.2,Male,2437,467,0.191629052113254,0.4864583333333333
M3-Gender-Biased (CV7),gender,0.2,Female,2363,493,0.20863309352517986,0.5135416666666667
M3-Gender-Biased (CV7),gender,0.3,Male,2437,714,0.29298317603610996,0.49583333333333335
M3-Gender-Biased (CV7),gender,0.3,Female,2363,726,0.3072365636902243,0.5041666666666667
M3-Gender-Biased (CV7),gender,0.5,Male,2437,1212,0.49733278621255644,0.505
M3-Gender-Biased (CV7),gender,0.5,Female,2363,1188,0.5027507405840034,0.495
M3-Gender-Biased (CV7),ethnicity,0.02,G1,1595,33,0.020689655172413793,0.34375
M3-Gender-Biased (CV7),ethnicity,0.02,G2,1588,38,0.02392947103274559,0.3958333333333333
M3-Gender-Biased (CV7),ethnicity,0.02,G3,1617,25,0.015460729746444033,0.2604166666666667
M3-Gender-Biased (CV7),ethnicity,0.05,G1,1595,86,0.053918495297805645,0.35833333333333334
M3-Gender-Biased (CV7),ethnicity,0.05,G2,1588,83,0.052267002518891686,0.3458333333333333
M3-Gender-Biased (CV7),ethnicity,0.05,G3,1617,71,0.04390847247990105,0.29583333333333334
M3-Gender-Biased (CV7),ethnicity,0.1,G1,1595,159,0.09968652037617555,0.33125
M3-Gender-Biased (CV7),ethnicity,0.1,G2,1588,159,0.10012594458438287,0.33125
M3-Gender-Biased (CV7),ethnicity,0.1,G3,1617,162,0.10018552875695733,0.3375
M3-Gender-Biased (CV7),ethnicity,0.2,G1,1595,331,0.20752351097178684,0.34479166666666666
M3-Gender-Biased (CV7),ethnicity,0.2,G2,1588,300,0.1889168765743073,0.3125
M3-Gender-Biased (CV7),ethnicity,0.2,G3,1617,329,0.20346320346320346,0.34270833333333334
M3-Gender-Biased (CV7),ethnicity,0.3,G1,1595,486,0.3047021943573668,0.3375
M3-Gender-Biased (CV7),ethnicity,0.3,G2,1588,471,0.2965994962216625,0.32708333333333334
M3-Gender-Biased (CV7),ethnicity,0.3,G3,1617,483,0.2987012987012987,0.33541666666666664
M3-Gender-Biased (CV7),ethnicity,0.5,G1,1595,815,0.5109717868338558,0.33958333333333335
M3-Gender-Biased (CV7),ethnicity,0.5,G2,1588,776,0.48866498740554154,0.3233333333333333
M3-Gender-Biased (CV7),ethnicity,0.5,G3,1617,809,0.5003092145949288,0.33708333333333335
M4-Ethnicity-Biased (CV7),gender,0.02,Male,2437,48,0.019696347968814115,0.5
M4-Ethnicity-Biased (CV7),gender,0.02,Female,2363,48,0.02031316123571731,0.5
M4-Ethnicity-Biased (CV7),gender,0.05,Male,2437,121,0.049651210504718914,0.5041666666666667
M4-Ethnicity-Biased (CV7),gender,0.05,Female,2363,119,0.050359712230215826,0.49583333333333335
M4-Ethnicity-Biased (CV7),gender,0.1,Male,2437,241,0.09889208042675421,0.5020833333333333
M4-Ethnicity-Biased (CV7),gender,0.1,Female,2363,239,0.1011426153195091,0.4979166666666667
M4-Ethnicity-Biased (CV7),gender,0.2,Male,2437,482,0.19778416085350842,0.5020833333333333
M4-Ethnicity-Biased (CV7),gender,0.2,Female,2363,478,0.2022852306390182,0.4979166666666667
M4-Ethnicity-Biased (CV7),gender,0.3,Male,2437,723,0.2966762412802626,0.5020833333333333
M4-Ethnicity-Biased (CV7),gender,0.3,Female,2363,717,0.3034278459585273,0.4979166666666667
M4-Ethnicity-Biased (CV7),gender,0.5,Male,2437,1202,0.4932293803857202,0.5008333333333334
M4-Ethnicity-Biased (CV7),gender,0.5,Female,2363,1198,0.5069826491747779,0.49916666666666665
M4-Ethnicity-Biased (CV7),ethnicity,0.02,G1,1595,39,0.02445141065830721,0.40625
M4-Ethnicity-Biased (CV7),ethnicity,0.02,G2,1588,38,0.02392947103274559,0.3958333333333333
M4-Ethnicity-Biased (CV7),ethnicity,0.02,G3,1617,19,0.011750154607297465,0.19791666666666666
M4-Ethnicity-Biased (CV7),ethnicity,0.05,G1,1595,90,0.05642633228840126,0.375
M4-Ethnicity-Biased (CV7),ethnicity,0.05,G2,1588,87,0.05478589420654912,0.3625
M4-Ethnicity-Biased (CV7),ethnicity,0.05,G3,1617,63,0.03896103896103896,0.2625
M4-Ethnicity-Biased (CV7),ethnicity,0.1,G1,1595,181,0.11347962382445141,0.3770833333333333
M4-Ethnicity-Biased (CV7),ethnicity,0.1,G2,1588,161,0.10138539042821158,0.33541666666666664
M4-Ethnicity-Biased (CV7),ethnicity,0.1,G3,1617,138,0.08534322820037106,0.2875
M4-Ethnicity-Biased (CV7),ethnicity,0.2,G1,1595,381,0.23887147335423198,0.396875
M4-Ethnicity-Biased (CV7),ethnicity,0.2,G2,1588,308,0.19395465994962216,0.32083333333333336
M4-Ethnicity-Biased (CV7),ethnicity,0.2,G3,1617,271,0.16759431045145332,0.28229166666666666
M4-Ethnicity-Biased (CV7),ethnicity,0.3,G1,1595,553,0.3467084639498433,0.3840277777777778
M4-Ethnicity-Biased (CV7),ethnicity,0.3,G2,1588,460,0.28967254408060455,0.3194444444444444
M4-Ethnicity-Biased (CV7),ethnicity,0.3,G3,1617,427,0.26406926406926406,0.2965277777777778
M4-Ethnicity-Biased (CV7),ethnicity,0.5,G1,1595,914,0.5730407523510972,0.38083333333333336
M4-Ethnicity-Biased (CV7),ethnicity,0.5,G2,1588,775,0.4880352644836272,0.3229166666666667
M4-Ethnicity-Biased (CV7),ethnicity,0.5,G3,1617,711,0.4397031539888683,0.29625
M5-Robust (CV9),gender,0.02,Male,2437,44,0.018054985638079606,0.4583333333333333
M5-Robust (CV9),gender,0.02,Female,2363,52,0.022005924672027083,0.5416666666666666
M5-Robust (CV9),gender,0.05,Male,2437,125,0.05129257283545342,0.5208333333333334
M5-Robust (CV9),gender,0.05,Female,2363,115,0.048666948793906054,0.4791666666666667
M5-Robust (CV9),gender,0.1,Male,2437,239,0.09807139926138696,0.4979166666666667
M5-Robust (CV9),gender,0.1,Female,2363,241,0.10198899703766398,0.5020833333333333
M5-Robust (CV9),gender,0.2,Male,2437,478,0.19614279852277391,0.4979166666666667
M5-Robust (CV9),gender,0.2,Female,2363,482,0.20397799407532796,0.5020833333333333
M5-Robust (CV9),gender,0.3,Male,2437,729,0.2991382847763644,0.50625
M5-Robust (CV9),gender,0.3,Female,2363,711,0.30088870080406266,0.49375
M5-Robust (CV9),gender,0.5,Male,2437,1224,0.50225687320476,0.51
M5-Robust (CV9),gender,0.5,Female,2363,1176,0.49767245027507406,0.49
M5-Robust (CV9),ethnicity,0.02,G1,1595,33,0.020689655172413793,0.34375
M5-Robust (CV9),ethnicity,0.02,G2,1588,37,0.023299748110831235,0.3854166666666667
M5-Robust (CV9),ethnicity,0.02,G3,1617,26,0.016079158936301793,0.2708333333333333
M5-Robust (CV9),ethnicity,0.05,G1,1595,82,0.05141065830721003,0.3416666666666667
M5-Robust (CV9),ethnicity,0.05,G2,1588,84,0.05289672544080604,0.35
M5-Robust (CV9),ethnicity,0.05,G3,1617,74,0.045763760049474335,0.30833333333333335
M5-Robust (CV9),ethnicity,0.1,G1,1595,169,0.10595611285266458,0.35208333333333336
M5-Robust (CV9),ethnicity,0.1,G2,1588,149,0.09382871536523929,0.3104166666666667
M5-Robust (CV9),ethnicity,0.1,G3,1617,162,0.10018552875695733,0.3375
M5-Robust (CV9),ethnicity,0.2,G1,1595,343,0.21504702194357367,0.3572916666666667
M5-Robust (CV9),ethnicity,0.2,G2,1588,301,0.18954659949622166,0.31354166666666666
M5-Robust (CV9),ethnicity,0.2,G3,1617,316,0.19542362399505256,0.32916666666666666
M5-Robust (CV9),ethnicity,0.3,G1,1595,495,0.3103448275862069,0.34375
M5-Robust (CV9),ethnicity,0.3,G2,1588,463,0.29156171284634763,0.3215277777777778
M5-Robust (CV9),ethnicity,0.3,G3,1617,482,0.2980828695114409,0.3347222222222222
M5-Robust (CV9),ethnicity,0.5,G1,1595,825,0.5172413793103449,0.34375
M5-Robust (CV9),ethnicity,0.5,G2,1588,773,0.48677581863979846,0.32208333333333333
M5-Robust (CV9),ethnicity,0.5,G3,1617,802,0.49598021026592454,0.33416666666666667
M6-Robust (CV9+Face),gender,0.02,Male,2437,45,0.018465326220763235,0.46875
M6-Robust (CV9+Face),gender,0.02,Female,2363,51,0.02158273381294964,0.53125
M6-Robust (CV9+Face),gender,0.05,Male,2437,124,0.0508822322527698,0.5166666666666667
M6-Robust (CV9+Face),gender,0.05,Female,2363,116,0.0490901396529835,0.48333333333333334
M6-Robust (CV9+Face),gender,0.1,Male,2437,239,0.09807139926138696,0.4979166666666667
M6-Robust (CV9+Face),gender,0.1,Female,2363,241,0.10198899703766398,0.5020833333333333
M6-Robust (CV9+Face),gender,0.2,Male,2437,472,0.19368075502667215,0.49166666666666664
M6-Robust (CV9+Face),gender,0.2,Female,2363,488,0.20651713922979265,0.5083333333333333
M6-Robust (CV9+Face),gender,0.3,Male,2437,728,0.29872794419368076,0.5055555555555555
M6-Robust (CV9+Face),gender,0.3,Female,2363,712,0.3013118916631401,0.49444444444444446
M6-Robust (CV9+Face),gender,0.5,Male,2437,1230,0.5047189167008617,0.5125
M6-Robust (CV9+Face),gender,0.5,Female,2363,1170,0.4951333051206094,0.4875
M6-Robust (CV9+Face),ethnicity,0.02,G1,1595,32,0.02006269592476489,0.3333333333333333
M6-Robust (CV9+Face),ethnicity,0.02,G2,1588,38,0.02392947103274559,0.3958333333333333
M6-Robust (CV9+Face),ethnicity,0.02,G3,1617,26,0.016079158936301793,0.2708333333333333
M6-Robust (CV9+Face),ethnicity,0.05,G1,1595,82,0.05141065830721003,0.3416666666666667
M6-Robust (CV9+Face),ethnicity,0.05,G2,1588,84,0.05289672544080604,0.35
M6-Robust (CV9+Face),ethnicity,0.05,G3,1617,74,0.045763760049474335,0.30833333333333335
M6-Robust (CV9+Face),ethnicity,0.1,G1,1595,167,0.10470219435736677,0.34791666666666665
M6-Robust (CV9+Face),ethnicity,0.1,G2,1588,152,0.09571788413098237,0.31666666666666665
M6-Robust (CV9+Face),ethnicity,0.1,G3,1617,161,0.09956709956709957,0.33541666666666664
M6-Robust (CV9+Face),ethnicity,0.2,G1,1595,343,0.21504702194357367,0.3572916666666667
M6-Robust (CV9+Face),ethnicity,0.2,G2,1588,302,0.190176322418136,0.3145833333333333
M6-Robust (CV9+Face),ethnicity,0.2,G3,1617,315,0.19480519480519481,0.328125
M6-Robust (CV9+Face),ethnicity,0.3,G1,1595,493,0.3090909090909091,0.3423611111111111
M6-Robust (CV9+Face),ethnicity,0.3,G2,1588,463,0.29156171284634763,0.3215277777777778
M6-Robust (CV9+Face),ethnicity,0.3,G3,1617,484,0.29931972789115646,0.33611111111111114
M6-Robust (CV9+Face),ethnicity,0.5,G1,1595,816,0.5115987460815047,0.34
M6-Robust (CV9+Face),ethnicity,0.5,G2,1588,784,0.49370277078085645,0.32666666666666666
M6-Robust (CV9+Face),ethnicity,0.5,G3,1617,800,0.49474335188620905,0.3333333333333333
