model,features,label_set,attribute,threshold,n_selected,DPD,DPD_ci_lo,DPD_ci_hi,DIR,DIR_ci_lo,DIR_ci_hi,EEOC_pass,chi2_p,EOD_labels,share_delta,median_split_DIR,median_split_DPD
M1-Fair (CV7),cv7,blind,gender,0.02,96,0.00021671817485787934,0.0001329239200547803,0.009007078044284406,0.9892215879157418,0.6331096609437316,0.993375915629218,True,1.0,0.150238818931828,0.020833333333333315,0.9747336652260992,0.0122001218692428
M1-Fair (CV7),cv7,blind,gender,0.05,240,0.0007085017254969128,0.0002917028763791237,0.014691160594284696,0.9859311800222755,0.7426275884551248,0.994183094375325,True,0.9630200158294273,0.01667708984782157,-0.008333333333333304,0.9747336652260992,0.0122001218692428
M1-Fair (CV7),cv7,blind,gender,0.1,480,0.00725172354332132,0.0002500591285791925,0.023171869333601075,0.930057866396456,0.7925963675583221,0.9975024854817816,True,0.4300306808518445,0.007049100631988381,0.020833333333333315,0.9747336652260992,0.0122001218692428
M1-Fair (CV7),cv7,blind,gender,0.2,960,0.017004041411925852,0.001329170020461218,0.03950708264255515,0.9184978704738727,0.8204596176201134,0.993376154734494,True,0.15090860539943127,0.005716369129002419,0.027083333333333348,0.9747336652260992,0.0122001218692428
M1-Fair (CV7),cv7,blind,gender,0.3,1440,0.014253387654114325,0.0010002007347307829,0.04019676564757807,0.9536077754453551,0.8744062259982076,0.9966716245592503,True,0.29564137536175616,0.017111234602204317,0.008333333333333304,0.9747336652260992,0.0122001218692428
M1-Fair (CV7),cv7,blind,gender,0.5,2400,0.0062514858132080575,0.0008333615026899915,0.03961714411476947,0.9875758948893099,0.923836756586419,0.9983346567607848,True,0.6860706358916393,0.002484327064158909,-0.009166666666666712,0.9747336652260992,0.0122001218692428
M1-Fair (CV7),cv7,blind,ethnicity,0.02,96,0.008480035018358156,0.0020884556689017876,0.018486576226300178,0.6547103689960833,0.36370381014899683,0.900007099272226,False,0.22556514634539493,0.13308270676691725,0.13541666666666669,0.9630956466558314,0.0180009949227355
M1-Fair (CV7),cv7,blind,ethnicity,0.05,240,0.010010022817904592,0.002691495133157326,0.02567519889313996,0.8143489954121184,0.5913976817660435,0.947769719462983,True,0.37707980523179213,0.1661904761904761,0.0625,0.9630956466558314,0.0180009949227355
M1-Fair (CV7),cv7,blind,ethnicity,0.1,480,0.0011885679391976656,0.00242899775288941,0.028437298641782058,0.9882034632034632,0.7490988837878964,0.9759612105558879,True,0.9924366851140307,0.045291966402764894,-0.002083333333333326,0.9630956466558314,0.0180009949227355
M1-Fair (CV7),cv7,blind,ethnicity,0.2,960,0.017976911475565183,0.00404006748683781,0.04641021459392297,0.9133740972703128,0.7875088202986088,0.9800397967010844,True,0.4209271743709102,0.05062509646550395,0.03125,0.9630956466558314,0.0180009949227355
M1-Fair (CV7),cv7,blind,ethnicity,0.3,1440,0.009362143979533055,0.003753960996165882,0.04597889042107867,0.969274445170051,0.8577221569924173,0.9875745626829996,True,0.8469730905164218,0.007953304778701598,0.011805555555555569,0.9630956466558314,0.0180009949227355
M1-Fair (CV7),cv7,blind,ethnicity,0.5,2400,0.015601475699997869,0.005060006020203885,0.058767011098359134,0.9694295408581123,0.8887418566095933,0.9899320429590306,True,0.5996873383817256,0.03308500765043765,0.005833333333333357,0.9630956466558314,0.0180009949227355
M2-Multimodal (CV7+Face),cv7+face,blind,gender,0.02,96,0.00021671817485787934,0.0001500427468355989,0.009285650043890103,0.9892215879157418,0.6234386706728368,0.9925254358797795,True,1.0,0.12896222318714712,0.020833333333333315,0.9704823797458184,0.0142903756118424
M2-Multimodal (CV7+Face),cv7+face,blind,gender,0.05,240,0.002375564609019054,0.0002083555796566935,0.015752974661321677,0.9536077754453551,0.7280801240552321,0.9958416392256955,True,0.7555709707859568,0.041067333750260615,0.008333333333333304,0.9704823797458184,0.0142903756118424
M2-Multimodal (CV7+Face),cv7+face,blind,gender,0.1,480,0.00725172354332132,0.00041668294334414047,0.023922439628913585,0.930057866396456,0.7869486519185345,0.9958417824198972,True,0.4300306808518445,0.011250781304257274,0.020833333333333315,0.9704823797458184,0.0142903756118424
M2-Multimodal (CV7+Face),cv7+face,blind,gender,0.2,960,0.020338167178970162,0.0015008065887093316,0.04419440806940697,0.9033016317024014,0.8014968275235105,0.9925233925967225,True,0.08452045526310557,0.009883198562443907,0.03541666666666665,0.9704823797458184,0.0142903756118424
M2-Multimodal (CV7+Face),cv7+face,blind,gender,0.3,1440,0.017587513421158607,0.000914753786755232,0.043458134871321205,0.943069459980551,0.865005202326268,0.9969554017045243,True,0.19434498036656322,0.01715754376215617,0.01388888888888884,0.9704823797458184,0.0142903756118424
M2-Multimodal (CV7+Face),cv7+face,blind,gender,0.5,2400,0.014586800230818708,0.00041678801276776587,0.040442582703792966,0.9712522027144082,0.9222828864317372,0.9991667771771681,True,0.3262909761203763,0.013271975456849439,-0.0008333333333332971,0.9704823797458184,0.0142903756118424
M2-Multimodal (CV7+Face),cv7+face,blind,ethnicity,0.02,96,0.012213197621617917,0.003135077339966855,0.019759538742062994,0.5269620043139207,0.3247762464708793,0.8545239020675596,False,0.046068915302256486,0.32298136645962733,0.19791666666666666,0.9606822293965304,0.0192521497437678
M2-Multimodal (CV7+Face),cv7+face,blind,ethnicity,0.05,240,0.01024769880473371,0.003258988717279156,0.026569800637818674,0.8107750499777078,0.5753556917891203,0.9374310554906137,True,0.3715589590042008,0.16761904761904767,0.0625,0.9606822293965304,0.0192521497437678
M2-Multimodal (CV7+Face),cv7+face,blind,ethnicity,0.1,480,0.0035797477949827405,0.0022833957875892843,0.027884302650593024,0.964691680133959,0.7562036641299338,0.9773939956159419,True,0.9366861802458233,0.057991399750833894,0.01041666666666663,0.9606822293965304,0.0192521497437678
M2-Multimodal (CV7+Face),cv7+face,blind,ethnicity,0.2,960,0.016717465631736456,0.004569925665885501,0.04663221779578012,0.9194430281491853,0.7895347772877771,0.9774646255549726,True,0.4893534938111397,0.044433146001107704,0.029166666666666674,0.9606822293965304,0.0192521497437678
M2-Multimodal (CV7+Face),cv7+face,blind,ethnicity,0.3,1440,0.019412837661773652,0.0046504917163707,0.052953175801522104,0.9374475230898405,0.8383214857492566,0.9846297427074044,True,0.48490579211648854,0.021108273023981772,0.02291666666666664,0.9606822293965304,0.0192521497437678
M2-Multimodal (CV7+Face),cv7+face,blind,ethnicity,0.5,2400,0.020591559507815715,0.005131591080038425,0.06211833522204954,0.9598980007143272,0.884421553766681,0.9897824674362891,True,0.41931077415832363,0.044394486668171584,0.009166666666666656,0.9606822293965304,0.0192521497437678
M3-Gender-Biased (CV7),cv7,gender-bias,gender,0.02,96,0.00021671817485787934,0.0001334112492087404,0.009502970965580488,0.9892215879157418,0.616637250782089,0.9933521458373007,True,1.0,0.4102564102564103,0.020833333333333315,0.9739025556705022,0.0125462110699574
M3-Gender-Biased (CV7),cv7,gender-bias,gender,0.05,240,0.0032090960507801247,0.0002489680302132607,0.015378603354814798,0.9378434920656276,0.7332541996670813,0.9950330356321777,True,0.6572080999405167,0.41577060931899634,0.016666666666666663,0.9739025556705022,0.0125462110699574
M3-Gender-Biased (CV7),cv7,gender-bias,gender,0.1,480,0.00725172354332132,0.0003336444784707432,0.024370348450428524,0.930057866396456,0.7835161952346189,0.996669276566552,True,0.4300306808518445,0.41068022886204714,0.020833333333333315,0.9739025556705022,0.0125462110699574
M3-Gender-Biased (CV7),cv7,gender-bias,gender,0.2,960,0.017004041411925852,0.00116673090276233,0.04200121047545217,0.9184978704738727,0.8101616243084224,0.99418318928634,True,0.15090860539943127,0.3572941555250537,0.027083333333333348,0.9739025556705022,0.0125462110699574
M3-Gender-Biased (CV7),cv7,gender-bias,gender,0.3,1440,0.014253387654114325,0.0007502349712108697,0.037518692190853936,0.9536077754453551,0.88244311402778,0.9975023940760362,True,0.29564137536175616,0.3106322984031631,0.008333333333333304,0.9739025556705022,0.0125462110699574
M3-Gender-Biased (CV7),cv7,gender-bias,gender,0.5,2400,0.005417954371446931,0.0008333356047516477,0.0337538418806947,0.9892233786365917,0.934721597980589,0.9983347187548137,True,0.7290035511059678,0.1782541391842778,-0.010000000000000009,0.9739025556705022,0.0125462110699574
M3-Gender-Biased (CV7),cv7,gender-bias,ethnicity,0.02,96,0.008468741286301559,0.0016444225846382048,0.018759589925038418,0.6460957588777138,0.35913179115032934,0.9219702089951716,False,0.2242900053299185,0.3188405797101449,0.13541666666666663,0.9653766591404443,0.0167581311244995
M3-Gender-Biased (CV7),cv7,gender-bias,ethnicity,0.05,240,0.010010022817904592,0.0024920858447199843,0.02541249125155803,0.8143489954121184,0.5879647914332023,0.9514837149911539,True,0.37707980523179213,0.13855421686746983,0.0625,0.9653766591404443,0.0167581311244995
M3-Gender-Biased (CV7),cv7,gender-bias,ethnicity,0.1,480,0.0004990083807817763,0.0024121509182546855,0.029476838851967228,0.9950191570881226,0.7454654938850974,0.9761415296389684,True,0.9986809409692718,0.031887150308202994,0.006250000000000033,0.9653766591404443,0.0167581311244995
M3-Gender-Biased (CV7),cv7,gender-bias,ethnicity,0.2,960,0.018606634397479532,0.004126072845639832,0.04587472593369908,0.9103396318308766,0.7910001668803096,0.9795725354136327,True,0.3858488716286082,0.03845448490873815,0.03229166666666666,0.9653766591404443,0.0167581311244995
M3-Gender-Biased (CV7),cv7,gender-bias,ethnicity,0.3,1440,0.0081026981357043,0.003928283498476554,0.046572115270557414,0.9734078116739746,0.8553047789424922,0.9869835463307172,True,0.8744308811883353,0.02098670756646215,0.010416666666666685,0.9653766591404443,0.0167581311244995
M3-Gender-Biased (CV7),cv7,gender-bias,ethnicity,0.5,2400,0.02230679942831426,0.006114628820539392,0.05890687462222086,0.9563443618550169,0.88794653665767,0.9878336822639321,True,0.45276492969471027,0.06773341568790192,0.016250000000000042,0.9653766591404443,0.0167581311244995
M4-Ethnicity-Biased (CV7),cv7,eth-bias,gender,0.02,96,0.0006168132669031948,0.0001500427468355989,0.009235096231951543,0.9696347968814115,0.6249862532097685,0.9925254358797795,True,0.9605263774032873,0.11888111888111885,0.0,0.9799592135296608,0.0095581745036277
M4-Ethnicity-Biased (CV7),cv7,eth-bias,gender,0.05,240,0.0007085017254969128,0.000250187641112176,0.014795585469475295,0.9859311800222755,0.743094850947971,0.9950090616705073,True,0.9630200158294273,0.052236732425673726,-0.008333333333333304,0.9799592135296608,0.0095581745036277
M4-Ethnicity-Biased (CV7),cv7,eth-bias,gender,0.1,480,0.0022505348927548963,0.00025017238440863676,0.02017350981030825,0.9777488956000845,0.8167060985935806,0.9975014834941753,True,0.832325280920994,0.060901001112347086,-0.004166666666666652,0.9799592135296608,0.0095581745036277
M4-Ethnicity-Biased (CV7),cv7,eth-bias,gender,0.2,960,0.0045010697855097925,0.00033363696911390057,0.02652395928095489,0.9777488956000845,0.8757490159077799,0.9983331635958504,True,0.7235869039362259,0.011081162024558222,-0.004166666666666652,0.9799592135296608,0.0095581745036277
M4-Ethnicity-Biased (CV7),cv7,eth-bias,gender,0.3,1440,0.006751604678264689,0.0005838104179112693,0.03375934222882993,0.9777488956000845,0.8935463250952386,0.9980559089295639,True,0.632072448031157,0.029591106464325723,-0.004166666666666652,0.9799592135296608,0.0095581745036277
M4-Ethnicity-Biased (CV7),cv7,eth-bias,gender,0.5,2400,0.013753268789057693,0.0008334446476019275,0.04293243132796857,0.9728723087240874,0.9177343295421835,0.9983345143820773,True,0.35555388601199134,0.0016875046875129973,-0.0016666666666667052,0.9799592135296608,0.0095581745036277
M4-Ethnicity-Biased (CV7),cv7,eth-bias,ethnicity,0.02,96,0.012701256051009746,0.006546861456115305,0.02327097012062767,0.4805511948369091,0.23599285080224922,0.7062482905449327,False,0.014418676551328061,0.5555555555555556,0.20833333333333334,0.771119071185056,0.1242701469302454
M4-Ethnicity-Biased (CV7),cv7,eth-bias,ethnicity,0.05,240,0.017465293327362297,0.007113001201033888,0.0336377042067965,0.6904761904761905,0.48381353622949674,0.8672512032964438,False,0.04283491889197813,0.5348837209302326,0.11249999999999999,0.771119071185056,0.1242701469302454
M4-Ethnicity-Biased (CV7),cv7,eth-bias,ethnicity,0.1,480,0.02813639562408035,0.012839693588703323,0.05121939877168419,0.7520577291690157,0.5864370404731596,0.8791019111907681,False,0.02852977455956238,0.5685714285714285,0.08958333333333335,0.771119071185056,0.1242701469302454
M4-Ethnicity-Biased (CV7),cv7,eth-bias,ethnicity,0.2,960,0.07127716290277866,0.039232480267194766,0.09813624348700649,0.7016087274804935,0.6124303594382917,0.8234682852069487,False,2.217478479919701e-06,0.43839506172839504,0.11458333333333331,0.771119071185056,0.1242701469302454
M4-Ethnicity-Biased (CV7),cv7,eth-bias,ethnicity,0.3,1440,0.08263919988057922,0.051381130806642084,0.1139715043550452,0.7616464307241884,0.685381861224786,0.8442533358357102,False,1.169571805244361e-06,0.41485885692859814,0.08750000000000002,0.771119071185056,0.1242701469302454
M4-Ethnicity-Biased (CV7),cv7,eth-bias,ethnicity,0.5,2400,0.13333759836222892,0.09615562988418386,0.16417805088477075,0.7673156790068325,0.7218446656304823,0.8271346252898787,False,2.0189266106705255e-13,0.22140836012861742,0.08458333333333334,0.771119071185056,0.1242701469302454
M5-Robust (CV9),cv9,blind,gender,0.02,96,0.003950939033947477,0.00018338064325641132,0.01019017456280282,0.8204602127458098,0.5940298507462686,0.9908721563564673,True,0.3819128810970789,0.06556665219279201,0.08333333333333331,0.9922839742355426,0.0037646100262371
M5-Robust (CV9),cv9,blind,gender,0.05,240,0.0026256240415473697,0.00020837710705157077,0.014014745309179672,0.9488108336859925,0.7548386998514922,0.9958410032861744,True,0.7255562438946808,0.0191786533249948,0.041666666666666685,0.9922839742355426,0.0037646100262371
M5-Robust (CV9),cv9,blind,gender,0.1,480,0.003917597776277024,0.00041718706485851484,0.02058766837607422,0.961588035081566,0.8133261909864506,0.9958371194875018,True,0.6860706358916413,0.024098895756649807,0.004166666666666652,0.9922839742355426,0.0037646100262371
M5-Robust (CV9),cv9,blind,gender,0.2,960,0.007835195552554047,0.0005000944080149075,0.03202539460039046,0.961588035081566,0.8520253372433918,0.9975026375139177,True,0.5206274448121926,0.0005989817310571022,0.004166666666666652,0.9922839742355426,0.0037646100262371
M5-Robust (CV9),cv9,blind,gender,0.3,1440,0.001750416027698265,0.0005000674136348832,0.02849708940000138,0.9941825132581561,0.9095255059205855,0.9983344812687911,True,0.9197072375588815,0.005626562934148316,-0.012499999999999956,0.9922839742355426,0.0037646100262371
M5-Robust (CV9),cv9,blind,gender,0.5,2400,0.004584422929685916,0.0004173179005954791,0.03545983459168858,0.9908723540198983,0.9314511572783639,0.999165698615026,True,0.772803733569947,0.002884487128184565,0.020000000000000018,0.9922839742355426,0.0037646100262371
M5-Robust (CV9),cv9,blind,ethnicity,0.02,96,0.0072205891745294425,0.0020108613688896455,0.017456783799231133,0.6901001186715472,0.3871743524231581,0.9044723368735239,False,0.33468102133809663,0.11428571428571432,0.11458333333333337,0.9541248033593628,0.0229807411384758
M5-Robust (CV9),cv9,blind,ethnicity,0.05,240,0.007132965391331708,0.0024046146857430125,0.022451919412191837,0.8651529876019672,0.6314733447667659,0.9528227459016393,True,0.6193231939924047,0.0553086419753086,0.04166666666666663,0.9541248033593628,0.0229807411384758
M5-Robust (CV9),cv9,blind,ethnicity,0.1,480,0.012127397487425293,0.0031326928016065713,0.03378995612186436,0.8855432012281459,0.7055963602144794,0.9692697779334137,True,0.5217056293577822,0.0011867736127025852,0.041666666666666685,0.9541248033593628,0.0229807411384758
M5-Robust (CV9),cv9,blind,ethnicity,0.2,960,0.02550042244735201,0.006888105848715235,0.05619887810651066,0.8814193183570658,0.7578806692842232,0.9661827748067486,True,0.16920817929084914,0.028135720860179125,0.04375000000000001,0.9541248033593628,0.0229807411384758
M5-Robust (CV9),cv9,blind,ethnicity,0.3,1440,0.018783114739859275,0.005010902625573886,0.05303167693426242,0.9394766302826757,0.8366178113726624,0.9833993920060087,True,0.5016885690160409,0.018802327231446037,0.0222222222222222,0.9541248033593628,0.0229807411384758
M5-Robust (CV9),cv9,blind,ethnicity,0.5,2400,0.0304655606705464,0.007486862358935667,0.06415683324124656,0.9410999160369437,0.8806064447902953,0.9851401273369316,True,0.21098911263145215,0.0030915293350389783,0.021666666666666667,0.9541248033593628,0.0229807411384758
M6-Robust (CV9+Face),cv9+face,blind,gender,0.02,96,0.0031174075921864067,0.00018292628936321717,0.010108706376319663,0.8555601148953632,0.598383404633098,0.9908954844409014,True,0.504033925152446,0.06556665219279201,0.0625,0.9915836765999556,0.0041235495033454
M6-Robust (CV9+Face),cv9+face,blind,gender,0.05,240,0.001792092599786299,0.00020853571464857934,0.014334035115195317,0.964779599470329,0.7487473488686355,0.9958377069793297,True,0.8269820521383997,0.011048572024181746,0.03333333333333338,0.9915836765999556,0.0041235495033454
M6-Robust (CV9+Face),cv9+face,blind,gender,0.1,480,0.003917597776277024,0.00033356914841562135,0.0224204332630623,0.961588035081566,0.7982245594259099,0.9966700035999961,True,0.6860706358916413,0.019897215084380915,0.004166666666666652,0.9915836765999556,0.0041235495033454
M6-Robust (CV9+Face),cv9+face,blind,gender,0.2,960,0.012836384203120499,0.0008336248669668069,0.03484526111334344,0.9378434920656276,0.8397990771490549,0.9958406987626078,True,0.2821765793451828,0.019362735523523078,0.016666666666666663,0.9915836765999556,0.0041235495033454
M6-Robust (CV9+Face),cv9+face,blind,gender,0.3,1440,0.0025839474694593356,0.0004173118407396939,0.030339731456123984,0.9914243428787466,0.9037300272208101,0.9986099639886449,True,0.8698853859259789,0.006992683152727608,-0.011111111111111072,0.9915836765999556,0.0041235495033454
M6-Robust (CV9+Face),cv9+face,blind,gender,0.5,2400,0.009585611580252285,0.0004168128840569926,0.03501336567993039,0.981008019982866,0.9323211921782969,0.9991667277443609,True,0.5253235589190002,0.0013338668800854103,0.024999999999999967,0.9915836765999556,0.0041235495033454
M6-Robust (CV9+Face),cv9+face,blind,ethnicity,0.02,96,0.007850312096443799,0.002191841563586805,0.018236120474442303,0.6719395892328223,0.3654068696233652,0.8975896039460753,False,0.28370974118262626,0.11428571428571432,0.125,0.9580357142857144,0.0210479175996416
M6-Robust (CV9+Face),cv9+face,blind,ethnicity,0.05,240,0.007132965391331708,0.0020598109159840933,0.02266817400963445,0.8651529876019672,0.6290722698197101,0.9594711335227497,True,0.6193231939924047,0.0553086419753086,0.04166666666666663,0.9580357142857144,0.0210479175996416
M6-Robust (CV9+Face),cv9+face,blind,ethnicity,0.1,480,0.008984310226384407,0.002327723410387989,0.03227603035058485,0.9141917675983047,0.726068220470014,0.9769100315867394,True,0.6981110522067191,0.013995743984285491,0.03125,0.9580357142857144,0.0210479175996416
M6-Robust (CV9+Face),cv9+face,blind,ethnicity,0.2,960,0.02487069952543766,0.006168012025970542,0.05350749495443745,0.8843476217403118,0.7690028690816414,0.9694936329950077,True,0.17485563921766542,0.031514099238557525,0.04270833333333335,0.9580357142857144,0.0210479175996416
M6-Robust (CV9+Face),cv9+face,blind,ethnicity,0.3,1440,0.01752919624456145,0.004565351312856482,0.05074153104976199,0.9432878945028894,0.844428404823118,0.984874459791494,True,0.5571860788971004,0.014589541648928561,0.020833333333333315,0.9580357142857144,0.0210479175996416
M6-Robust (CV9+Face),cv9+face,blind,ethnicity,0.5,2400,0.017895975300648237,0.006065660148239532,0.059978871009807526,0.9650195090630711,0.8876407809228913,0.9879224815902049,True,0.5249453026047348,0.010651039707025856,0.013333333333333364,0.9580357142857144,0.0210479175996416
